state,RMSD,name,Rosetta_score
1,11.70476341,S_000355_008,-184.459
2,11.52333355,S_000086_010,-175.494
3,12.03283024,S_000054_007,-173.63
4,10.88898373,S_000020_003,-171.933
5,10.44953918,S_000258_005,-169.661
6,13.49610806,S_000338_007,-168.749
7,10.57738781,S_000204_011,-168.064
8,13.25025749,S_000019_004,-167.958
9,10.83572388,S_000175_000,-166.923
10,9.577008247,S_000285_011,-165.794
11,13.53243637,S_000122_000,-164.966
12,11.17252827,S_000155_013,-164.935
13,12.80242443,S_000303_003,-164.797
14,10.9003458,S_000117_012,-163.64
15,11.6927042,S_000110_003,-163.108
16,13.79495525,S_000340_005,-162.663
17,12.81744862,S_000108_011,-162.019
18,10.13959885,S_000160_008,-161.171
19,9.497522354,S_000049_005,-159.395
20,11.12359333,S_000284_004,-159.281
21,8.576731682,S_000273_005,-157.595
22,12.72814083,S_000195_012,-157.481
23,13.86498737,S_000051_007,-157.187
24,11.52849102,S_000140_007,-157.024
25,11.27006149,S_000219_003,-157.019